Wave number,Location,LAT,LON,Province,Korean Name,Date,Time,Source
First Wave,"Duma-myeon, Gyeryong-si, Chungcheongnam-do",36.2542683,127.2608089,Chungcheongnam Province,충남 계룡시 두마면,"May 29, 2024",3:05 AM,Donga Ilbo
First Wave,"Tanhyeon-myeon, Paju-si",37.80919,126.71015,Gyeonggi Province,파주시 탄현면,"May 29, 2024",5:15 AM,Newsis
First Wave,"Wicheon-myeon, Geochang-gun, Gyeongsangnam-do",35.75086,127.83267,Gyeongsangnam Province,경남 거창군 위천면,"May 29, 2024",5:30 AM,Donga Ilbo
First Wave,"Mujueup, Muju-gun, Jeollabuk-do",35.93172,127.71118,Jeollabuk Province,전북자치도 무주군 무주읍,"May 29, 2024",5:45 AM,https://www.news1.kr/articles/?5430632
First Wave,"Seongnam-si, Sujeong-gu",37.4503386,127.1462933,Gyeonggi Province,성남시 수정구,"May 29, 2024",5:49 AM,https://mobile.newsis.com/view.html?ar_id=NISX20240529_0002753003
First Wave,"Sahudo Reservoir, Saho-dong, Jinwi-myeon, Pyeongtaek-si, Gyeonggi-do",37.10531,127.08763,Gyeonggi Province,경기도 평택시 진위면 사후동저수지,"May 29, 2024",7:03 AM,https://mobile.newsis.com/view.html?ar_id=NISX20240529_0002753003
First Wave,"Seoreung-ri, Dain-myeon, Uiseong-gun, Gyeongsangbuk-do",36.4485683,128.3559773,Gyeongsangbuk Province,경북 의성군 다인면 서릉리,"May 29, 2024",7:30 AM,https://www.newsis.com/view/?id=NISX20240530_0002753950&cID=10810&pID=10800
First Wave,"Daejeon-dong, Yeongcheon-si, Gyeongsangbuk-do",35.98682777,128.9147287,Gyeongsangbuk Province,경북 영천 대전동,"May 29, 2024",7:40 AM,https://news.sbs.co.kr/news/endPage.do?news_id=N1007664223&plink=SHARE&cooper=COPY
First Wave,"Dongchon-ri, Jangsu-eup, Jangsu-gun, Jeollabuk-do",35.63184,127.51603,Jeollabuk Province,전북자치도 장수군 장수읍 동촌리,"May 29, 2024",8:18 AM,https://www.news1.kr/articles/5431904
First Wave,"Sujeong-gu, Seongnam-si",37.4503386,127.1462933,Gyeonggi Province,경기 동두천시 소요산역,"May 29, 2024",10:17 AM,https://mobile.newsis.com/view.html?ar_id=NISX20240529_0002753003
First Wave,Seoul Nowon-gu,37.6768806,127.0854209,Seoul Special City,서울 노원구,"May 29, 2024",,https://www.hankyung.com/article/2024052919367
First Wave,"Dongsan-ri, Gyodong-myeon, Ganghwa-gun",37.78603,126.26117,Incheon Metropolitan City,강화군 교동면 동산리,"May 29, 2024",11:30 AM,https://mobile.newsis.com/view.html?ar_id=NISX20240529_0002753003
First Wave,"Gwangju, Gyeonggi Province",37.4290844,127.255189,Gyeonggi Province,광주,"May 29, 2024",,https://mobile.newsis.com/view.html?ar_id=NISX20240529_0002753003
First Wave,"Gwangmyeong, Gyeonggi Province",38.013769,127.238747, Gyeonggi Province,광명,"May 29, 2024",,https://mobile.newsis.com/view.html?ar_id=NISX20240529_0002753003
First Wave,"Hwaseong, Gyeonggi Province",37.8577547,126.7829539,Gyeonggi Province,화성,"May 29, 2024",,https://mobile.newsis.com/view.html?ar_id=NISX20240529_0002753003
First Wave,"Cheorwon, Gangwon Province",38.1468023,127.3133,Gangwon Province,강원 철원,"May 29, 2024",2:00 PM,https://www.news1.kr/articles/5430613
First Wave,"Inje, Gangwon Province",38.0694,128.1706,Gangwon Province,강원 인제,"May 29, 2024",,https://www.news1.kr/articles/5430613
First Wave,"Hwacheon, Gangwon Province",38.1063,127.708,Gangwon Province,강원 화천,"May 29, 2024",,https://www.news1.kr/articles/5430613
First Wave,"Wonju, Gangwon Province",37.7687254,128.8711752,Gangwon Province,강원 원주,"May 29, 2024",,https://www.news1.kr/articles/5430613
First Wave,"Dongsan-ri, Gyodong-myeon, Ganghwa-gun",37.78603,126.26117,Incheon Metropolitan City,강화군 교동면 동산리,"May 29, 2024",,https://mobile.newsis.com/view.html?ar_id=NISX20240529_0002753003
First Wave,"Junggak-dong, Jongno-gu, Twin Tree Towers A, Seoul",37.566,126.9784,Seoul Special City,종로구 중학동 트윈트리타워 A동,"May 29, 2024",,https://www.hankyung.com/article/2024052919367
First Wave,"Jaedong Elementary School, Gahoe-dong, Jongno-gu, Seoul",37.5797185,126.9856138,Seoul Special City,서울 종로구 가회동 재동초등학교,"May 29, 2024",12:42 PM,https://www.hankyung.com/article/2024052919367
First Wave,"Mapo-gu, Seoul",37.566571,126.9015317,Seoul Special City,서울 마포구,"May 29, 2024",,https://www.hankyung.com/article/2024052919367
First Wave,"Yeongdeungpo-gu, Seoul",37.5262,126.8959,Seoul Special City,서울 영등포구 ,"May 29, 2024",,https://www.hankyung.com/article/2024052919367
First Wave,"Jongno-gu, Seoul Government Complex",37.5748508,126.9760746,Seoul Special City,종로구 정부서울청사,"May 29, 2024",1:30 PM,https://www.hankyung.com/article/2024052919367
First Wave,"Salmi-myeon, Chungju-si",36.9115864,127.9931536,Chungcheongbuk Province, 충주시 살미면,"May 29, 2024",2:10 PM,https://www.inews365.com/news/article.html?no=816563
First Wave,"Gangnae-myeon, Heungdeok-gu, Cheongju-si",36.6104608,127.3638544,Chungcheongbuk Province,청주시 흥덕구 강내면,"May 29, 2024",,https://www.inews365.com/news/article.html?no=816563
First Wave,"Jecheon, North Chungcheong Province",37.1326042,128.1913508,Chungcheongbuk Province,제천,"May 29, 2024",2:00 PM,
First Wave,"Junggak-dong, Jongno-gu",37.5729,126.97928,Seoul Special City,서울 종로구 중학동,"May 29, 2024",,https://www.hankyung.com/article/2024052919367
First Wave,"60 Sajik-ro 8-gil, Jongno District, Seoul, South Korea",37.566,126.9784,Seoul Special City,외교부 청사,"May 29, 2024",,https://www.donga.com/news/Society/article/all/20240529/125175628/1
First Wave,"Hwangdae-ri, Dumamyeon, Gyeryong-si, Chungcheongnam-do",36.29037,127.22768,Chungcheongnam Province, 충남 계룡시 두마면 황대리,"May 29, 2024",,https://www.yna.co.kr/view/AKR20240529147200063?input=1195m
First Wave,"6 Yulgok-ro, Jongno District, Seoul, South Korea",37.566,126.9784,Seoul Special City,주한 일본대사관 입주 건물,"May 29, 2024",,https://www.yna.co.kr/view/AKR20240530114000073?input=1195m
Second Wave,"Yangcheon-gu, Seoul",37.5171,126.8663,Seoul Special City,양천구,"June 1, 2024",,https://www.yna.co.kr/view/AKR20240601046301004?input=1195m
Second Wave,Yeongdeungpo-gu,37.5262,126.8959,Seoul Special City,영등포구,"June 1, 2024",,https://www.yna.co.kr/view/AKR20240601046301004?input=1195m
Second Wave,Mapo-gu,38.0028804,127.0016095,Seoul Special City,마포구,"June 1, 2024",,https://www.yna.co.kr/view/AKR20240601046301004?input=1195m
Second Wave,"Goyang City, Northern Gyeonggi Province",37.70697307,126.8484995,Gyeonggi Province, 경기북부 고양,"June 2, 2024",,https://www.newsis.com/view/?id=NISX20240602_0002757567&cID=10817&pID=14000
Second Wave,Gyeonggi Paju,37.7598955,126.7801502,Gyeonggi Province,경기 파주,"June 2, 2024",,https://www.newsis.com/view/?id=NISX20240602_0002757567&cID=10817&pID=14000
Second Wave,Gyeonggi Yangju,37.7849312,127.0457771,Gyeonggi Province,경기 양주,"June 2, 2024",,https://www.newsis.com/view/?id=NISX20240602_0002757567&cID=10817&pID=14000
Second Wave,"Imcheon-myeon, Buyeo-gun, Chungcheongnam-do",36.17341,126.88718,Chungcheongnam Province, 충남 부여군 임천면,"June 2, 2024",,https://news.kbs.co.kr/news/pc/view/view.do?ncd=7978167&ref=A
Second Wave,"Imsaeng-myeon, Cheonan-si, Chungcheongnam-do",36.80488,127.19431,Chungcheongnam Province,충남 천안시 입장면,"June 2, 2024",,https://news.kbs.co.kr/news/pc/view/view.do?ncd=7978167&ref=A
Second Wave,"Hongyang-ri, Socho-myeon, Wonju, Gangwon Province",37.38445597,128.0146215,Gangwon Province,강원 원주 소초면 홍양리 ,"June 2, 2024",,https://www.newspim.com/news/view/20240602000106
Second Wave,"Yanggu-gun, Gangwon Province",38.1096812,127.9900596,Gangwon Province,강원 양구군,"June 2, 2024",,https://www.yna.co.kr/view/PYH20240602008700062?input=1196m
Second Wave,"Suha-ri, Seoseok-myeon, Hongcheon-gun, Gangwon Province",37.7668069,128.1937951,Gangwon Province,강원 홍천군 서석면 수하리 ,"June 2, 2024",,https://www.newspim.com/news/view/20240602000106
Second Wave,"Oam-ri, Bomun-myeon, Yecheon-gun, Gyeongsangbuk-do",36.67437,128.55151,Gyeongsangbuk Province,경북도 예천군 보문면 오암리,"June 2, 2024",,https://www.dkilbo.com/news/articleView.html?idxno=445074
Second Wave,"Taegok-ri, Yean-myeon, Andong-si, Gyeongsangbuk-do",36.68187,128.9128,Gyeongsangbuk Province,경북 안동시 예안면 태곡리,"June 2, 2024",,https://www.dkilbo.com/news/articleView.html?idxno=445074
Second Wave,"Yanghang-ri, Ibam-myeon, Yeongyang-gun, Gyeongsangbuk-do",36.59338,129.08923,Gyeongsangbuk Province,영양군 입암면 양항리,"June 2, 2024",,https://www.dkilbo.com/news/articleView.html?idxno=445074
Second Wave,"Hwajin-ri, Pohang-si",36.2437,129.36813,Gyeongsangbuk Province,포항시 화진리,"June 2, 2024",,https://www.yeongnam.com/web/view.php?key=20240602010000060
Second Wave,"Dangpori, Mungyeong-si",36.58755,128.18624,Gyeongsangbuk Province,문경시 당포리,"June 2, 2024",,https://www.yeongnam.com/web/view.php?key=20240602010000060
Second Wave,"Hwajin Beach, Pohang",36.2497795,129.3753366,Gyeongsangbuk Province,포항 화진해수욕장,"June 2, 2024",,https://www.nocutnews.co.kr/news/6154290?utm_source=naver&utm_medium=article&utm_campaign=20240602011214
Second Wave,"Siheung-si, Gyeonggi-do",37.3798891,126.8032255,Gyeonggi Province,경기도 시흥시,"June 2, 2024",,https://www.newsis.com/view/?id=NISI20240602_0020362297
Second Wave,"Sosa-dong, Sosa-gu, Bucheon-si, Gyeonggi-do",37.49889,126.78306,Gyeonggi Province,경기도 부천 소사구 소사본동,"June 2, 2024",,https://www.kyeonggi.com/article/20240602580042
Second Wave,Chungbuk Cheongju City,36.6123808,127.5058417,Chungcheongbuk Province,충북 청주,"June 2, 2024",,https://www.newsis.com/view/?id=NISX20240602_0002757699&cID=10899&pID=10800
Second Wave,"Chungju, Chungcheongbuk-do",36.9907334,127.9259891,Chungcheongbuk Province,충북 충주,"June 2, 2024",,https://www.newsis.com/view/?id=NISX20240602_0002757699&cID=10899&pID=10800
Second Wave,Chungcheongbuk-do Jecheon,37.1270743,128.2059637,Chungcheongbuk Province,충북 제천,"June 2, 2024",,https://www.newsis.com/view/?id=NISX20240602_0002757699&cID=10899&pID=10800
Second Wave,"Heungdeok-gu, Osong Life Sciences Complex Support Center, Cheongju-si, Chungcheongbuk-do",36.63722,127.48972,Chungcheongbuk Province,충북 청주시 흥덕구 오송생명과학단지지원센터,"June 2, 2024",,https://www.newsis.com/view/?id=NISX20240602_0002757868&cID=10201&pID=10200
Third Wave,"Changneungcheon, Hwajeon-dong, Goyang-si, Gyeonggi-do",37.65639,126.835,Gyeonggi Province,경기 고양시 화전동 창릉천,"June 8, 2024",,https://www.ytn.co.kr/_ln/0101_202406090452182333
Third Wave,"Yeonan Pier, Jung-gu, Incheon",37.47353,126.62151,Incheon Metropolitan City,인천시 중구 연안부두,"June 9, 2024",,https://www.yna.co.kr/view/PYH20240609004900065?input=1196m
Third Wave,"Hwanggan-myeon, Yeongdong-gun, Chungcheongbuk-do",36.236126,127.897015,Chungcheongbuk Province,충북 영동군 황간면,"June 9, 2024",,https://www.newsis.com/view/?id=NISX20240609_0002765730&cID=10201&pID=10200
Third Wave,Incheon Seo-gu,37.545,126.676,Incheon Metropolitan City,서구,"June 9, 2024",,https://www.newsis.com/view/?id=NISX20240609_0002765730&cID=10201&pID=10200
Third Wave,Ganghwa-gun,37.746,126.488,Incheon Metropolitan City,강화군,"June 9, 2024",,https://www.newsis.com/view/?id=NISX20240609_0002765730&cID=10201&pID=10200
Third Wave,"Majeon-dong, Seo-gu, Incheon",37.5969838,126.6676253,Incheon Metropolitan City,인천 서구 마전동,"June 9, 2024",,https://www.newsis.com/view/?id=NISX20240609_0002765730&cID=10201&pID=10200
Third Wave,"Jungsan-dong, Jung-gu, Incheon",37.49627,126.5583,Incheon Metropolitan City,인천 중구 중산동,"June 9, 2024",,https://www.newsis.com/view/?id=NISX20240609_0002765730&cID=10201&pID=10200
Third Wave,"Inhu-ri, Sindun-myeon, Icheon-si",37.3109,127.40975,Gyeonggi Province,이천시 신둔면 인후리,"June 9, 2024",,https://www.newsis.com/view/?id=NISX20240609_0002765730&cID=10201&pID=10200
Third Wave,Ansan City,37.33315352,126.8393772,Gyeonggi Province,안산,"June 9, 2024",,https://www.newsis.com/view/?id=NISX20240609_0002765730&cID=10201&pID=10200
Third Wave,Gunpo,37.3615229,126.9349025,Gyeonggi Province,군포,"June 9, 2024",,https://www.newsis.com/view/?id=NISX20240609_0002765730&cID=10201&pID=10200
Third Wave,Gimpo,37.7506136,126.5591697,Gyeonggi Province,김포,"June 9, 2024",,https://www.newsis.com/view/?id=NISX20240609_0002765730&cID=10201&pID=10200
Third Wave,Suwon,37.2804,127.0078,Gyeonggi Province,경기도 수원시 10전투비행단,"June 9, 2024",,https://www.newsis.com/view/?id=NISX20240609_0002765730&cID=10201&pID=10200
Third Wave,"Yongin-si, Cheoin-gu",37.2345,127.2017,Gyeonggi Province,용인시 처인구,"June 9, 2024",,https://www.newsis.com/view/?id=NISX20240609_0002765730&cID=10201&pID=10200
Third Wave,"Inhu-ri, Sindun-myeon, Icheon-si",37.3109,127.40975,Gyeonggi Province,이천시 신둔면 인후리,"June 9, 2024",,https://www.newsis.com/view/?id=NISX20240609_0002765730&cID=10201&pID=10200
Third Wave,"Hangnyeongcheon, Hwajeon-dong, Deogyang-gu, Goyang-si",37.65639,126.835,Gyeonggi Province,고양시 덕양구 화전동 항릉천,"June 9, 2024",,https://www.yna.co.kr/view/AKR20240609004100060?input=1195m
Third Wave,"Geumchon-dong, Paju-si",37.7584627,126.7697535,Gyeonggi Province,파주시 금촌동,"June 9, 2024",,https://www.yna.co.kr/view/AKR20240609004100060?input=1195m
Third Wave,"Cheonjeon-ri, Sinbuk-eup, Chuncheon-si",37.9413242,127.7702114,Gangwon Province,춘천시 신북읍 천전리,"June 9, 2024",,https://www.yna.co.kr/view/AKR20240609023500062?input=1195m
Third Wave,"Hongcheon-eup, Hongcheon-gun, Gangwon Province",37.6894014,127.8843043,Gangwon Province,강원 홍천군 홍천읍 ,"June 9, 2024",,https://www.yna.co.kr/view/AKR20240609023500062?input=1195m
Third Wave,"Guman-ri, Bukbang-myeon, Hongcheon-gun, Gangwon Province",37.7214045,127.7268172,Gangwon Province,강원 홍천군 북방면 구만리,"June 9, 2024",,https://www.yna.co.kr/view/AKR20240609023500062?input=1195m
Third Wave,"Hwanggan-myeon, Yeongdong-gun, Chungcheongbuk-do",36.236126,127.897015,Chungcheongbuk Province,충북 영동군 황간면,"June 9, 2024",,https://www.news1.kr/articles/5441368
Third Wave,Seoul Dongdaemun-gu,37.5741982,127.0395092,Seoul Special City,서울 동대문구,"June 9, 2024",,https://www.newsis.com/view/?id=NISX20240609_0002765730&cID=10201&pID=10200
Third Wave,Seoul Seongbuk-gu,37.59,127.0165,Seoul Special City,서울 성북구,"June 9, 2024",,https://www.newsis.com/view/?id=NISX20240609_0002765730&cID=10201&pID=10200
Third Wave,Seoul Nowon-gu,37.6768806,127.0854209,Seoul Special City,서울 노원구,"June 9, 2024",,https://www.newsis.com/view/?id=NISX20240609_0002765730&cID=10201&pID=10200
Third Wave,Seoul Jungnang-gu,37.6063,127.093,Seoul Special City,서울 중랑구,"June 9, 2024",,https://www.newsis.com/view/?id=NISX20240609_0002765730&cID=10201&pID=10200
Third Wave,Seoul Eunpyeong-gu,37.6024,126.9293,Seoul Special City,서울 은평구,"June 9, 2024",,https://www.newsis.com/view/?id=NISX20240609_0002765730&cID=10201&pID=10200
Third Wave,Seoul Jung-gu,37.5560719,126.9723599,Seoul Special City,서울 중구,"June 9, 2024",,https://www.newsis.com/view/?id=NISX20240609_0002765730&cID=10201&pID=10200
Third Wave,Seoul Jongno-gu,37.5806949,126.9827989,Seoul Special City,서울 종로,"June 9, 2024",,https://www.newsis.com/view/?id=NISX20240609_0002765730&cID=10201&pID=10200
Third Wave,Seoul Seodaemun-gu,37.5790747,126.9367861,Seoul Special City,서울 서대문구,"June 9, 2024",,https://www.newsis.com/view/?id=NISX20240609_0002765730&cID=10201&pID=10200
Third Wave,Seoul Gangnam-gu,37.5177,127.0473,Seoul Special City,서울 강남구,"June 9, 2024",,https://www.newsis.com/view/?id=NISX20240609_0002765730&cID=10201&pID=10200
Third Wave,Seoul Yeongdeungpo-gu,37.5262,126.8959,Seoul Special City,서울 영등포구,"June 9, 2024",,https://www.newsis.com/view/?id=NISX20240609_0002765730&cID=10201&pID=10200
Third Wave,Seoul Yongsan-gu,37.5534363,126.9697994,Seoul Special City,서울 용산구,"June 9, 2024",,https://www.newsis.com/view/?id=NISX20240609_0002765730&cID=10201&pID=10200
Fourth Wave,"Narul Elementary School, Hanam-si, Gyeonggi-do",37.53895,127.2125,Gyeonggi Province,경기도 하남시 나룰초등학교,"June 10, 2024",,https://www.kukinews.com/newsView/kuk202406100014
Fourth Wave,"Yeoryang-myeon, Jeongseon-gun, Gangwon Province",37.50389694,128.7324084,Gangwon Province,강원 정선군 여량면,"June 10, 2024",,https://www.yna.co.kr/view/PYH20240610011300062?input=1196m
Fourth Wave,"Hajeom, Ganghwa-gun, Incheon",37.768405,126.4048539,Incheon Metropolitan City,인천시 강화군 하점,"June 10, 2024",,https://www.hani.co.kr/arti/politics/politics_general/1144129.html
Fourth Wave,"29 Itaewon-ro, Yongsan-gu, Seoul, South Korea",37.53762636,126.9786846,Seoul Special City,전쟁기념관,"June 10, 2024",,https://www.chosun.com/national/regional/seoul/2024/06/10/2EJ3IYME65CPDPDX47GMXTFJKE/
Fourth Wave,"110 Sejong-daero, Jung-gu, Seoul, South Korea",37.56736703,126.9794054,Seoul Special City,서울시청 ,"June 10, 2024",15:30,https://www.chosun.com/national/regional/seoul/2024/06/10/2EJ3IYME65CPDPDX47GMXTFJKE/
Fourth Wave,"209 Cheongnyangni-dong, Dongdaemun-gu, Seoul, South Korea",37.58209476,127.0491296,Seoul Special City,동대문구 청량리역,"June 10, 2024",12:00 PM,https://www.chosun.com/national/regional/seoul/2024/06/10/2EJ3IYME65CPDPDX47GMXTFJKE/
Fourth Wave,"29 Itaewon-ro, Yongsan District, Seoul, South Korea",37.56389583,126.9546449,Seoul Special City,서울 서대문구 북아현동,"June 10, 2024",5:00 AM,https://www.chosun.com/national/regional/seoul/2024/06/10/2EJ3IYME65CPDPDX47GMXTFJKE/
Fifth Wave,"Wondang-dong, Seo-gu, Incheon, South Korea",37.60009681,126.7090658,Incheon Metropolitan City,인천시 서구 원당동,"June 18, 2024",,https://www.chosun.com/national/incident/2024/06/25/KE2B2CDX45BAZA34HJII5ZGVI4/
Fifth Wave,"Mangwol-dong, Hanam-si, Gyeonggi-do, South Korea",37.56909059,127.1985871,Gyeonggi Province,하남시 망월등 ,"June 19, 2024",,https://www.chosun.com/national/incident/2024/06/25/KE2B2CDX45BAZA34HJII5ZGVI4/
Fifth Wave,"Hagam-dong, Hanam-si, Gyeonggi-do, South Korea",37.48038232,127.1671664,Gyeonggi Province,하남시 학암동,"June 20, 2024",,https://www.chosun.com/national/incident/2024/06/25/KE2B2CDX45BAZA34HJII5ZGVI4/
Fifth Wave,"Namyangju-si, Gyeonggi-do, South Korea",37.66937988,127.2735398,Gyeonggi Province,남양주 ,"June 21, 2024",,https://www.chosun.com/national/incident/2024/06/25/KE2B2CDX45BAZA34HJII5ZGVI4/
Fifth Wave,"Goyang-si, Gyeonggi-do, South Korea",37.73213969,127.0831184,Gyeonggi Province,고양,"June 22, 2024",,https://www.chosun.com/national/incident/2024/06/25/KE2B2CDX45BAZA34HJII5ZGVI4/
Fifth Wave,"Uijeongbu-si, Gyeonggi-do, South Korea",37.74251866,127.0982486,Gyeonggi Province,의정부,"June 23, 2024",,https://www.chosun.com/national/incident/2024/06/25/KE2B2CDX45BAZA34HJII5ZGVI4/
Fifth Wave,"Jori-eup, Paju-si, Gyeonggi-do, South Korea",37.75471693,126.8348595,Gyeonggi Province,경기 파주시 조리읍,"June 24, 2024",,https://www.chosun.com/national/incident/2024/06/25/KE2B2CDX45BAZA34HJII5ZGVI4/
Sixth Wave,"Seongbuk-gu, Seoul, South Korea",37.60881004,127.0188842,Seoul Special City,성북동 ,"June 25, 2024",,https://n.news.naver.com/mnews/article/001/0014769228?rc=N&ntype=RANKING$0
Sixth Wave,"272 Gonghang-ro, Jung-gu, Incheon, South Korea",37.45894701,126.4419572,Incheon Metropolitan City,인천공항,"June 26, 2024",1:46 AM,https://news.kbs.co.kr/news/pc/view/view.do?ncd=7996502
Sixth Wave,"Dappung-ri, Naechon-myeon, Hongcheon-gun, Gangwon-do, South Korea",37.81131856,128.0712957,Gangwon Province,강원 홍천군 내촌면 답풍리,"June 26, 2024",,https://www.kado.net/news/articleView.html?idxno=1251865
Seventh Wave,"Jamsil Bridge, 잠실6동 Songpa District, Seoul, South Korea",37.52706617,127.0915959,Seoul Special City,서울 잠실대교,"June 27, 2024",,https://www.spnews.co.kr/news/articleView.html?idxno=81988
Eighth Wave,"Gapyeong-gun Gyeonggi-do, South Korea",37.84842192,127.578637,Gyeonggi Province,가평,"July 19, 2024",,https://www.mbn.co.kr/news/society/5043289
Eighth Wave,"Pocheon-si Gyeonggi-do, South Korea",38.00083592,127.3447025,Gyeonggi Province,포천,"July 19, 2024",,https://www.mbn.co.kr/news/society/5043289
Eighth Wave,"Yeoncheon-gun Gyeonggi-do, South Korea",38.13149673,127.1947871,Gyeonggi Province,연천,"July 18, 2024",,http://www.joongang.tv/news/articleView.html?idxno=74043
Eighth Wave,"Ilsandong-gu, Goyang-si, Gyeonggi-do",37.7197323,126.9423338,Gyeonggi Province,일산서부,"July 18, 2024",,http://www.joongang.tv/news/articleView.html?idxno=74044
Eighth Wave,"Yangju-si Gyeonggi-do, South Korea",37.81704644,127.0433082,Gyeonggi Province,양주,"July 18, 2024",,http://www.joongang.tv/news/articleView.html?idxno=74045
Eighth Wave,"Paju-si Gyeonggi-do, South Korea",37.89732366,126.831396,Gyeonggi Province,파주,"July 18, 2024",,http://www.joongang.tv/news/articleView.html?idxno=74046
Eighth Wave,"Uijeongbu-si Gyeonggi-do, South Korea",37.74310391,127.0812471,Gyeonggi Province,의정부,"July 18, 2024",,http://www.joongang.tv/news/articleView.html?idxno=74047
Eighth Wave,"South Korea, Gyeonggi-do, Bucheon-si",37.47708349,126.7974016,Gyeonggi Province,부천 소사본동,"July 18, 2024",,http://www.joongang.tv/news/articleView.html?idxno=74048
Ninth Wave,Gwanghwamun Square,37.57258455,127.0705652,Seoul Special City,서울 종로구 광화문광장,"July 21, 2024",,
Ninth Wave,"Yeoncheon-gun, Gyeonggi-do",38.04166814,126.9768902,Gyeonggi Province, 연천,"July 21, 2024",,
Ninth Wave,"Pocheon-si, Gyeonggi-do",37.92600776,127.1126557,Gyeonggi Province,포천,"July 21, 2024",,
Ninth Wave,"Guri-si Gyeonggi-do, South Korea",37.6050853,127.1969754,Gyeonggi Province,구리,"July 21, 2024",,
Ninth Wave,"Dongducheon-si Gyeonggi-do, South Korea",37.913542,127.1381033,Gyeonggi Province,동두천,"July 21, 2024",,
Ninth Wave,"Yangju-si Gyeonggi-do, South Korea",37.7933321,127.0752929,Gyeonggi Province,양주,"July 21, 2024",,
Ninth Wave,"Paju-si Gyeonggi-do, South Korea",37.87810132,127.0738515,Gyeonggi Province,파주,"July 21, 2024",,
Ninth Wave,"Namyangju-si Gyeonggi-do, South Korea",37.68386669,126.8192169,Gyeonggi Province,남양주,"July 21, 2024",,
Ninth Wave,"Goyang-si Gyeonggi-do, South Korea",37.68593719,127.2882531,Gyeonggi Province,고양,"July 21, 2024",,
Ninth Wave,"97 Jihaeng-ro, Dongducheon-si, Gyeonggi-do, South Korea",37.89322974,126.9324178,Gyeonggi Province,의정부지법,"July 21, 2024",,
Ninth Wave,"22-49 Geumo-ro 23beon-gil, Uijeongbu-si, Gyeonggi-do, South Korea",37.7571009,127.0592475,Gyeonggi Province,경기 의정부시 경기북부경찰청,"July 21, 2024",,
Tenth Wave,"Uijeongbu-si, Gyeonggi-do",37.70896836,127.0688661,Gyeonggi Province,의정부시 장암동 공공하수처리장,"July 24, 2024",,https://www.newsis.com/view/NISX20240724_0002824340
Tenth Wave,"1 Uisadang-daero, Yeongdeungpo District, Seoul, South Korea",37.53195349,126.9148413,Seoul Special City,국회의사당,"July 24, 2024",,https://www.news1.kr/politics/diplomacy-defense/5490195
Tenth Wave,"50 Yonsei-ro, Seodaemun-gu, Seoul, South Korea",37.56680601,126.9396595,Seoul Special City,연세대학교 ,"July 24, 2024",,https://www.news1.kr/politics/diplomacy-defense/5490195
Tenth Wave,"13 Yongsan-dong 4(sa)-ga, Yongsan District, Seoul, South Korea",37.53057022,126.9841318,Seoul Special City,용산 주한미군기지,"July 24, 2024",,https://www.news1.kr/politics/diplomacy-defense/5490195
Tenth Wave,"South Korea, Seoul, Gangseo-gu, Gonghang-dong, 150",37.56073929,126.8025631,Seoul Special City,김포공항,"July 24, 2024",,https://www.sedaily.com/NewsView/2DBV773JYX
Tenth Wave,"22 Itaewon-ro, Yongsan District, Seoul, South Korea",37.53132701,126.9763123,Seoul Special City,용산 대통령실,"July 24, 2024",,https://www.kmib.co.kr/article/view.asp?arcid=0020339725&code=61111611&cp=nv
Tenth Wave,"Naeyu-dong, Deogyang-gu, Goyang-si, Gyeonggi-do",37.72514613,126.8595748,Gyeonggi Province,경기 고양시 덕양구 내유동,"July 24, 2024",,
Eleventh Wave,"Geumsan-ri, Tanhyeon-myeon, Paju-si, Gyeonggi-do",37.80529988,126.7100999,Gyeonggi Province,파주시 탄현면 금산리 ,"August 12, 2024",,https://www.wikitree.co.kr/articles/975005
Eleventh Wave,"Gyesan-dong, Gyeyang-gu, Incheon, South Korea",37.53371629,126.737631,Incheon Metropolitan City,계양구 까치공원,"August 10, 2024",,https://www.newsis.com/view/NISX20240811_0002845604
Eleventh Wave,"110 Jakjeonseoun-dong, Gyeyang-gu, Incheon, South Korea",37.53226025,126.7458785,Incheon Metropolitan City,계양구 서운동 서운체육공원,"August 10, 2024",,https://www.newsis.com/view/NISX20240811_0002845604
Second Wave,"Seocho District, Seoul, South Korea",37.48617268,127.0947471,Seoul Special City,서울 서초구,"June 2, 2024",,https://www.news1.kr/politics/diplomacy-defense/5532578
Tenth Wave,"Nokcheon station, Seoul, South Korea",37.64530576,127.053329,Seoul Special City,서울 도봉구 녹천역 ,"July 24, 2024",,https://www.news1.kr/politics/diplomacy-defense/5532578
Tenth Wave,"Jeongdong-gil, Jung District, Seoul",37.56719992,126.9726261,Seoul Special City,서울 중구 정동길 ,"July 24, 2024",,https://www.news1.kr/politics/diplomacy-defense/5532578
Twelfth Wave,National Assembly Annex Building,37.53295825,126.920829,Seoul Special City,서울 여의도 국회 의정관,"September 5, 2024",,https://www.news1.kr/politics/diplomacy-defense/5532578
Thirteenth Wave,"Hanam-si, Gyeonggi-do",37.56069315,127.2443669,Gyeonggi Province,하남,"September 5, 2024",,https://www.jnilbo.com/74758671546
Twelfth Wave,"Yangpyeong-gun, Gyeonggi-do",37.50456089,127.5746568,Gyeonggi Province,양평,"September 5, 2024",,https://www.jnilbo.com/74758671546
Twelfth Wave,"Icheon-si, Gyeonggi-do",37.30377689,127.4948548,Gyeonggi Province,이천,"September 5, 2024",,https://www.jnilbo.com/74758671546
Twelfth Wave,"Paju-si, Gyeonggi-do",37.7848234,126.7917503,Gyeonggi Province,파주,"September 4, 2024",,http://www.kyeongin.com/main/view.php?key=20240906010000920
Twelfth Wave,"Gangneung-si, Gangwon-do",37.776113215485644,128.9234812343975,Gangwon Province,강릉 ,"September 4, 2024",,https://news.kbs.co.kr/news/pc/view/view.do?ncd=8052999&ref=A
Twelfth Wave,"Hongcheon-gun, Gangwon-do",37.76328771,128.2425113,Gangwon Province,홍천,"September 4, 2024",,https://news.kbs.co.kr/news/pc/view/view.do?ncd=8052999&ref=A
Twelfth Wave,"Hoengseong-gun, Gangwon-do",37.53339036,128.060855,Gangwon Province,횡성 ,"September 4, 2024",,https://news.kbs.co.kr/news/pc/view/view.do?ncd=8052999&ref=A
Twelfth Wave,"Inje-gun, Gangwon-do",38.10106011,128.2618422,Gangwon Province,인제,"September 4, 2024",,https://news.kbs.co.kr/news/pc/view/view.do?ncd=8052999&ref=A
Twelfth Wave,"Inje-gun, Gangwon-do",38.10106011,128.2618422,Gangwon Province,인제,"September 4, 2024",,https://news.kbs.co.kr/news/pc/view/view.do?ncd=8052999&ref=A
Seventeenth Wave,"Gwangtan-myeon, Paju-si, Gyeonggi-do, 

South Korea",37.77842402,126.9005473,Gyeonggi Province,경기 파주시 광탄면,"September 9, 2024",,https://www.busan.com/view/busan/view.php?code=2024090916444454073
Sixteenth Wave,"43 Buheungbuk-ro, Bupyeong District, Incheon, South Korea",37.50275674,126.7295103,Incheon Metropolitan City,인천시 부평고등학교,"September 8, 2024",,http://www.kyeongin.com/main/view.php?key=20240908025083017
Fifteenth Wave,"South Korea, Incheon, Bupyeong District",37.50262487,126.7373826,Incheon Metropolitan City,인천 부평구 부개3동,"September 7, 2024",,https://www.kyeonggi.com/article/20240907580011
Fifteenth Wave,"Changchon-ri, Namsan-myeon, Chuncheon-si, Gangwon-do
South Korea",37.77943968,127.6409752,Gangwon Province,강원도 춘천시 남산면 창촌리,"September 7, 2024",,https://www.viva100.com/main/view.php?key=20240908010002410
Fourteenth Wave,"Bupyeong-ri, Jinjeop-eup, Namyangju-si, Gyeonggi-do",37.75418696,127.1828527,Gyeonggi Province,남양주시 진전읍 부평리,"September 6, 2024",,https://www.gukjenews.com/news/articleView.html?idxno=3084483
Fourteenth Wave,"42 Yongcheon-ro 205beon-gil, Namdong-gu, Incheon, South Korea",37.46963321,126.7164187,Incheon Metropolitan City,인천 남동구 간석동 신명여자고등학교,"September 6, 2024",,https://www.wikitree.co.kr/articles/981424
Fourteenth Wave,"Gyeyang-gu, Incheon, South Korea",37.54218308,126.7820175,Incheon Metropolitan City,인천시 계양구,"September 6, 2024",,https://www.joongang.co.kr/article/25276269
Fourteenth Wave,"Dongjak District, Seoul, South Korea",37.50300349,126.9751871,Seoul Special City,서울 동작구,"September 6, 2024",,https://www.joongang.co.kr/article/25276269
Thirteenth Wave,"Tae-ri, Gochon-eup, Gimpo-si, Gyeonggi-do, South Korea",37.59863271,126.753557,Gyeonggi Province,김포시 고촌읍 태리,"September 5, 2024",3:20 AM,https://www.gokorea.kr/news/articleView.html?idxno=804158
Twenty-fourth Wave,"Toegyewon-eup, Namyangju-si, Gyeonggi-do, South Korea",37.65487971,127.1475697,Gyeonggi Province,경기 남양주시 퇴계원읍,"October 4, 2024",11:00 AM,https://www.donga.com/news/Society/article/all/20241004/130158085/2
Twenty-second Wave,"Songnim-dong, Dong-gu, Incheon, South Korea",37.48135602,126.6575126,Incheon Metropolitan City,인천 동구 송림동,"September 22, 2024",,https://www.kyeonggi.com/article/20240923580049
Twenty-second Wave,"168 Bupyeong-daero, Bupyeong District, Incheon, South Korea",37.50744874,126.7230077,Incheon Metropolitan City,부평구 부평구청,"September 22, 2024",,https://www.kyeonggi.com/article/20240923580049
Twenty-second Wave,"272 Gonghang-ro, Jung-gu, Incheon, South Korea",37.458726,126.442676,Incheon Metropolitan City,인천공항,"September 22, 2024",,https://www.newsis.com/view/NISX20240923_0002895316
Twenty-second Wave,"22 Itaewon-ro, Hangangno-dong, Yongsan District, Seoul, South Korea",37.53457358,126.9773664,Seoul Special City,서울 용산구 합참 청사 상공,"September 22, 2024",,https://www.news1.kr/politics/diplomacy-defense/5547562
Twenty-third Wave,"172 Sejong-daero, Jongno District, Seoul, South Korea",37.57275792,126.9768125,Seoul Special City,서울 종로구 광화문 광장,"October 2, 2024",,https://www.news1.kr/photos/6906261
Twenty-third Wave,"Bupyeong District, Incheon, South Korea",37.50189412,126.7351138,Incheon Metropolitan City,인천 부평,"October 2, 2024",,https://imnews.imbc.com/replay/2024/nwtoday/article/6642482_36523.html
Twenty-fourth Wave,"Oseo-dong, Gangseo-gu, Seoul, South Korea",37.54422725,126.8039427,Seoul Special City,서울 강서구 오쇠동,"October 4, 2024",,https://news.tf.co.kr/read/photomovie/2138598.htm
Twenty-fourth Wave,"Junghak-dong, Jongno District, Seoul, South Korea",37.57544692,126.9801398,Seoul Special City,서울 종로구 중학동,"October 4, 2024",11:15 PM,https://news.kbs.co.kr/news/pc/view/view.do?ncd=8073875&ref=A
Twenty-fourth Wave,"1 Uisadang-daero, Yeongdeungpo District, Seoul, South Korea",37.53184395,126.9146295,Seoul Special City,서울 영등포구 국회의사당,"October 4, 2024",,https://www.kmib.co.kr/article/view.asp?arcid=0020589317&code=61121111&cp=nv
Thirtieth Wave,Office of the President of the Republic of Korea,37.5332542,126.9861956,Seoul Special City,대한민국 대통령실/대통령 청사,"October 24, 2024",,https://en.yna.co.kr/view/AEN20241024002751315?section=national/defense
Thirty-first Wave,Ministry of Defense,37.534396,126.977707,Seoul Special City,대한민국 국방부,"November 18, 2024",,https://news.jtbc.co.kr/article/NB12223498
Thirty-first Wave,National Assembly Building,37.532068,126.914541,Seoul Special City,국회의사당,"November 18, 2024",,https://www.seoul.co.kr/news/politics/2024/11/18/20241118500239